-- phpMyAdmin SQL Dump
-- version 5.2.1
-- https://www.phpmyadmin.net/
--
-- Host: 127.0.0.1
-- Generation Time: Dec 05, 2025 at 02:41 PM
-- Server version: 10.4.32-MariaDB
-- PHP Version: 8.2.12

SET SQL_MODE = "NO_AUTO_VALUE_ON_ZERO";
START TRANSACTION;
SET time_zone = "+00:00";


/*!40101 SET @OLD_CHARACTER_SET_CLIENT=@@CHARACTER_SET_CLIENT */;
/*!40101 SET @OLD_CHARACTER_SET_RESULTS=@@CHARACTER_SET_RESULTS */;
/*!40101 SET @OLD_COLLATION_CONNECTION=@@COLLATION_CONNECTION */;
/*!40101 SET NAMES utf8mb4 */;

--
-- Database: `supershop`
--

-- --------------------------------------------------------

--
-- Table structure for table `admin_users`
--

CREATE TABLE `admin_users` (
  `admin_id` int(11) NOT NULL,
  `user_id` int(11) NOT NULL
) ENGINE=InnoDB DEFAULT CHARSET=utf8mb4 COLLATE=utf8mb4_general_ci;

--
-- Dumping data for table `admin_users`
--

INSERT INTO `admin_users` (`admin_id`, `user_id`) VALUES
(1, 4);

-- --------------------------------------------------------

--
-- Table structure for table `cart`
--

CREATE TABLE `cart` (
  `cart_id` int(11) NOT NULL,
  `user_id` int(11) DEFAULT NULL,
  `created_at` timestamp NOT NULL DEFAULT current_timestamp()
) ENGINE=InnoDB DEFAULT CHARSET=utf8mb4 COLLATE=utf8mb4_general_ci;

--
-- Dumping data for table `cart`
--

INSERT INTO `cart` (`cart_id`, `user_id`, `created_at`) VALUES
(1, 1, '2025-12-04 15:13:04');

-- --------------------------------------------------------

--
-- Table structure for table `cart_items`
--

CREATE TABLE `cart_items` (
  `cart_item_id` int(11) NOT NULL,
  `cart_id` int(11) DEFAULT NULL,
  `product_id` int(11) DEFAULT NULL,
  `quantity` int(11) NOT NULL DEFAULT 1
) ENGINE=InnoDB DEFAULT CHARSET=utf8mb4 COLLATE=utf8mb4_general_ci;

--
-- Dumping data for table `cart_items`
--

INSERT INTO `cart_items` (`cart_item_id`, `cart_id`, `product_id`, `quantity`) VALUES
(1, 1, 2, 2),
(2, 1, 4, 1);

-- --------------------------------------------------------

--
-- Table structure for table `categories`
--

CREATE TABLE `categories` (
  `category_id` int(11) NOT NULL,
  `name` varchar(100) NOT NULL,
  `description` text DEFAULT NULL
) ENGINE=InnoDB DEFAULT CHARSET=utf8mb4 COLLATE=utf8mb4_general_ci;

--
-- Dumping data for table `categories`
--

INSERT INTO `categories` (`category_id`, `name`, `description`) VALUES
(1, 'Electronics', 'Electronic gadgets and devices'),
(2, 'Groceries', 'Daily grocery and food items');

-- --------------------------------------------------------

--
-- Table structure for table `orders`
--

CREATE TABLE `orders` (
  `order_id` int(11) NOT NULL,
  `user_id` int(11) DEFAULT NULL,
  `total` decimal(10,2) NOT NULL,
  `status` enum('pending','processing','completed','cancelled') DEFAULT 'pending',
  `created_at` timestamp NOT NULL DEFAULT current_timestamp()
) ENGINE=InnoDB DEFAULT CHARSET=utf8mb4 COLLATE=utf8mb4_general_ci;

--
-- Dumping data for table `orders`
--

INSERT INTO `orders` (`order_id`, `user_id`, `total`, `status`, `created_at`) VALUES
(1, 1, 1071.97, 'completed', '2025-12-04 15:13:04'),
(2, 2, 10.50, 'pending', '2025-12-04 15:28:07'),
(3, 2, 3.50, 'pending', '2025-12-04 15:34:44');

-- --------------------------------------------------------

--
-- Table structure for table `order_items`
--

CREATE TABLE `order_items` (
  `order_item_id` int(11) NOT NULL,
  `order_id` int(11) DEFAULT NULL,
  `product_id` int(11) DEFAULT NULL,
  `quantity` int(11) NOT NULL,
  `price` decimal(10,2) NOT NULL
) ENGINE=InnoDB DEFAULT CHARSET=utf8mb4 COLLATE=utf8mb4_general_ci;

--
-- Dumping data for table `order_items`
--

INSERT INTO `order_items` (`order_item_id`, `order_id`, `product_id`, `quantity`, `price`) VALUES
(1, 1, 1, 1, 999.99),
(2, 1, 2, 1, 29.99),
(3, 1, 3, 1, 5.99),
(4, 1, 4, 1, 8.99),
(5, 2, 1, 3, 3.50),
(6, 3, 1, 1, 3.50);

-- --------------------------------------------------------

--
-- Table structure for table `payments`
--

CREATE TABLE `payments` (
  `payment_id` int(11) NOT NULL,
  `order_id` int(11) NOT NULL,
  `amount` decimal(10,2) NOT NULL,
  `method` enum('cash','card','bkash','nagad','rocket','online') NOT NULL,
  `transaction_reference` varchar(150) DEFAULT NULL,
  `paid_at` timestamp NOT NULL DEFAULT current_timestamp()
) ENGINE=InnoDB DEFAULT CHARSET=utf8mb4 COLLATE=utf8mb4_general_ci;

--
-- Dumping data for table `payments`
--

INSERT INTO `payments` (`payment_id`, `order_id`, `amount`, `method`, `transaction_reference`, `paid_at`) VALUES
(1, 1, 1071.97, 'cash', 'DEMO-TRX-001', '2025-12-04 15:13:04'),
(2, 2, 10.50, 'card', NULL, '2025-12-04 15:28:07'),
(3, 3, 3.50, 'card', NULL, '2025-12-04 15:34:44');

-- --------------------------------------------------------

--
-- Table structure for table `products`
--

CREATE TABLE `products` (
  `product_id` int(11) NOT NULL,
  `category_id` int(11) DEFAULT NULL,
  `name` varchar(150) NOT NULL,
  `description` text DEFAULT NULL,
  `price` decimal(10,2) NOT NULL,
  `stock` int(11) DEFAULT 0,
  `barcode` varchar(100) DEFAULT NULL,
  `created_at` timestamp NOT NULL DEFAULT current_timestamp()
) ENGINE=InnoDB DEFAULT CHARSET=utf8mb4 COLLATE=utf8mb4_general_ci;

--
-- Dumping data for table `products`
--

INSERT INTO `products` (`product_id`, `category_id`, `name`, `description`, `price`, `stock`, `barcode`, `created_at`) VALUES
(1, 1, 'Laptop', 'High performance laptop', 999.99, 50, 'LPT001', '2025-12-04 15:13:04'),
(2, 1, 'Wireless Mouse', 'Bluetooth mouse', 29.99, 200, 'MSE001', '2025-12-04 15:13:04'),
(3, 2, 'Basmati Rice', 'Premium basmati rice 1kg', 5.99, 500, 'RCE001', '2025-12-04 15:13:04'),
(4, 2, 'Cooking Oil', '1L soybean oil', 8.99, 150, 'OIL001', '2025-12-04 15:13:04');

-- --------------------------------------------------------

--
-- Table structure for table `users`
--

CREATE TABLE `users` (
  `user_id` int(11) NOT NULL,
  `name` varchar(100) NOT NULL,
  `email` varchar(150) NOT NULL,
  `phone` varchar(20) DEFAULT NULL,
  `address` text DEFAULT NULL,
  `password_hash` varchar(255) NOT NULL,
  `created_at` timestamp NOT NULL DEFAULT current_timestamp(),
  `role` enum('admin','user') DEFAULT 'user'
) ENGINE=InnoDB DEFAULT CHARSET=utf8mb4 COLLATE=utf8mb4_general_ci;

--
-- Dumping data for table `users`
--

INSERT INTO `users` (`user_id`, `name`, `email`, `phone`, `address`, `password_hash`, `created_at`, `role`) VALUES
(1, 'John Doe', 'user@supershop.com', '01700000000', '123 Demo Street, Dhaka', '$2b$10$8cTWuwb5LjYlVF/zgS9hv.6FZg5eF2tsQUnDkSZPci2WuWjq1mTii', '2025-12-04 15:13:04', 'user'),
(2, 'Mahee', 'newuser@supershop.com', '01911587676', 'Bosila, Dhaka', '$2y$10$wEbiyQJ1f82kMxEuwybbk.FDrIdnEZWlQpdYSWMyUAVC6emZfUy9G', '2025-12-04 15:27:32', 'user'),
(4, 'Admin User', 'admin@supershop.com', NULL, NULL, '$2y$10$92IXUNpkjO0rOQ5byMi.Ye4oKoEa3Ro9llC/.og/at2.uheWG/igi', '2025-12-05 13:38:09', 'admin');

--
-- Indexes for dumped tables
--

--
-- Indexes for table `admin_users`
--
ALTER TABLE `admin_users`
  ADD PRIMARY KEY (`admin_id`),
  ADD KEY `user_id` (`user_id`);

--
-- Indexes for table `cart`
--
ALTER TABLE `cart`
  ADD PRIMARY KEY (`cart_id`),
  ADD KEY `user_id` (`user_id`);

--
-- Indexes for table `cart_items`
--
ALTER TABLE `cart_items`
  ADD PRIMARY KEY (`cart_item_id`),
  ADD KEY `cart_id` (`cart_id`),
  ADD KEY `product_id` (`product_id`);

--
-- Indexes for table `categories`
--
ALTER TABLE `categories`
  ADD PRIMARY KEY (`category_id`);

--
-- Indexes for table `orders`
--
ALTER TABLE `orders`
  ADD PRIMARY KEY (`order_id`),
  ADD KEY `user_id` (`user_id`);

--
-- Indexes for table `order_items`
--
ALTER TABLE `order_items`
  ADD PRIMARY KEY (`order_item_id`),
  ADD KEY `order_id` (`order_id`),
  ADD KEY `product_id` (`product_id`);

--
-- Indexes for table `payments`
--
ALTER TABLE `payments`
  ADD PRIMARY KEY (`payment_id`),
  ADD KEY `order_id` (`order_id`);

--
-- Indexes for table `products`
--
ALTER TABLE `products`
  ADD PRIMARY KEY (`product_id`),
  ADD KEY `category_id` (`category_id`);

--
-- Indexes for table `users`
--
ALTER TABLE `users`
  ADD PRIMARY KEY (`user_id`),
  ADD UNIQUE KEY `email` (`email`);

--
-- AUTO_INCREMENT for dumped tables
--

--
-- AUTO_INCREMENT for table `admin_users`
--
ALTER TABLE `admin_users`
  MODIFY `admin_id` int(11) NOT NULL AUTO_INCREMENT, AUTO_INCREMENT=2;

--
-- AUTO_INCREMENT for table `cart`
--
ALTER TABLE `cart`
  MODIFY `cart_id` int(11) NOT NULL AUTO_INCREMENT, AUTO_INCREMENT=2;

--
-- AUTO_INCREMENT for table `cart_items`
--
ALTER TABLE `cart_items`
  MODIFY `cart_item_id` int(11) NOT NULL AUTO_INCREMENT, AUTO_INCREMENT=3;

--
-- AUTO_INCREMENT for table `categories`
--
ALTER TABLE `categories`
  MODIFY `category_id` int(11) NOT NULL AUTO_INCREMENT, AUTO_INCREMENT=3;

--
-- AUTO_INCREMENT for table `orders`
--
ALTER TABLE `orders`
  MODIFY `order_id` int(11) NOT NULL AUTO_INCREMENT, AUTO_INCREMENT=4;

--
-- AUTO_INCREMENT for table `order_items`
--
ALTER TABLE `order_items`
  MODIFY `order_item_id` int(11) NOT NULL AUTO_INCREMENT, AUTO_INCREMENT=7;

--
-- AUTO_INCREMENT for table `payments`
--
ALTER TABLE `payments`
  MODIFY `payment_id` int(11) NOT NULL AUTO_INCREMENT, AUTO_INCREMENT=4;

--
-- AUTO_INCREMENT for table `products`
--
ALTER TABLE `products`
  MODIFY `product_id` int(11) NOT NULL AUTO_INCREMENT, AUTO_INCREMENT=5;

--
-- AUTO_INCREMENT for table `users`
--
ALTER TABLE `users`
  MODIFY `user_id` int(11) NOT NULL AUTO_INCREMENT, AUTO_INCREMENT=5;

--
-- Constraints for dumped tables
--

--
-- Constraints for table `admin_users`
--
ALTER TABLE `admin_users`
  ADD CONSTRAINT `admin_users_ibfk_1` FOREIGN KEY (`user_id`) REFERENCES `users` (`user_id`) ON DELETE CASCADE;

--
-- Constraints for table `cart`
--
ALTER TABLE `cart`
  ADD CONSTRAINT `cart_ibfk_1` FOREIGN KEY (`user_id`) REFERENCES `users` (`user_id`);

--
-- Constraints for table `cart_items`
--
ALTER TABLE `cart_items`
  ADD CONSTRAINT `cart_items_ibfk_1` FOREIGN KEY (`cart_id`) REFERENCES `cart` (`cart_id`),
  ADD CONSTRAINT `cart_items_ibfk_2` FOREIGN KEY (`product_id`) REFERENCES `products` (`product_id`);

--
-- Constraints for table `orders`
--
ALTER TABLE `orders`
  ADD CONSTRAINT `orders_ibfk_1` FOREIGN KEY (`user_id`) REFERENCES `users` (`user_id`);

--
-- Constraints for table `order_items`
--
ALTER TABLE `order_items`
  ADD CONSTRAINT `order_items_ibfk_1` FOREIGN KEY (`order_id`) REFERENCES `orders` (`order_id`),
  ADD CONSTRAINT `order_items_ibfk_2` FOREIGN KEY (`product_id`) REFERENCES `products` (`product_id`);

--
-- Constraints for table `payments`
--
ALTER TABLE `payments`
  ADD CONSTRAINT `payments_ibfk_1` FOREIGN KEY (`order_id`) REFERENCES `orders` (`order_id`);

--
-- Constraints for table `products`
--
ALTER TABLE `products`
  ADD CONSTRAINT `products_ibfk_1` FOREIGN KEY (`category_id`) REFERENCES `categories` (`category_id`);
COMMIT;

/*!40101 SET CHARACTER_SET_CLIENT=@OLD_CHARACTER_SET_CLIENT */;
/*!40101 SET CHARACTER_SET_RESULTS=@OLD_CHARACTER_SET_RESULTS */;
/*!40101 SET COLLATION_CONNECTION=@OLD_COLLATION_CONNECTION */;
